<!DOCTYPE html>
<html>
    <head>
    Aditya ,Inampudi ,aditya.inampudi@sjsu.edu ,California, USA ,8999999999 ,9999999998<br>Akshay ,kumar ,akshay.kumar@bolly.com ,Mumbai, India ,9999999999 ,9999999990<br>Allu ,Arjun ,allu.arjun@gmail.com ,Hyderabad, India ,9000000007 ,9000000008<br>Varun ,Dhawan ,varun.dhawan@gmail.com ,Delhi, India ,8000000010 ,9000000011<br>James ,Mary ,james.mary@gmail.com ,California, USA ,9000000008 ,9000000009<br>John ,Patricia ,john@mail.com ,Newyork, usa ,9000000980 ,9000000990<br>Michael ,Linda ,michael.linda@mail.com ,Chickago, USA ,9007700980 ,9007799980<br>Joseph ,Jessica ,joseph.jessica@gmail.com ,Texas, usa ,9086600980 ,9086990980<br>Andrew ,Emily ,andrew.emily@yahoo.com ,Florida, USA ,9089776980 ,9089776989<br>Paul ,Dorothy ,paul.dorothy@gmail.com ,Georgia, USA ,9987777889 ,9989933889<br>Kenneth ,Donna ,kenneth@gmail.com ,Alaska, USA ,4353465775 ,4353465778<br>George ,Melissa ,george@mail.com ,Washington, usa ,2354356457 ,6768675364<br>Timothy ,Rebecca ,timothy@mail.com ,Hawaii, USA ,9999999888 ,9999779888<br>Nicholas ,Shirley ,nicholas@mail.com ,Arizona, USA ,2342354365 ,2342388365<br>Jonathan ,Helen ,jonathan.helen@mail.com ,Georgia, USA ,2394793458 ,5464095802<br>Samuel ,Emma ,samuel@mail.com ,Outter,Swizerland ,2343253485 ,5460980924<br>Nathan ,Kelly ,nathan.kelly@mail.com ,Washingon, USA ,2893543895 ,3280967549<br>Walter ,Evelyn ,Evelyn@mail.com ,Wallstreet, London ,3294805998 ,8390267499<br>Harold ,Olivia ,Olivia@mail.com ,Paris, France ,2390854792 ,2397498798<br>Terry ,Jacqueline ,terry.jacquline213@mail.com ,Spain, Europe ,2394508797 ,8329479793<br>Arthur ,Gloria ,gloria@reil.com ,Greece, Europe ,3290867549 ,2390867497<br>    </head>
</html>
