<br>adam,pat,adam.pat@gmail.com,california,(453)231-2434,7656565654<br>Willaim,Kennington,w.kennington@gmail.com,Australia,(123)345-6767,1234567889<br>Bill,pattinson,billpatt@gmail.com,Canada,(345)345-1234,7656565656<br>Andrew,kinsley,a.kinsley@gmail.com,Spain,(123)453-5656,7656565434<br>VEnice,Candy,venice.candy@gmail.com,Germany,(231)321-7676,7656543432<br>sachin,tendulkar,sachin@hotmail.com,India,(567)567-36784,43434344<br>priya,g,a.priya@gmail.com,washington ,(123)453-5656,765565434<br>Alexander,Hemsworth,a.hemswoth@gmail.com,Indonesia,(231)321-7676,7656543432<br>Lisa,David,lisa.david@gmail.com,Atalanta,(234)121-6564,4543232345<br>Chris,Angel,chris.angel@gmail.com,Ontario,(321)321-8777,3432123456<br>Rupert,Weber,rupert.weber@gmail.com,Ontario,(123)123-4576,76786767556<br>Tony,waller,tony.waller@gmail.com,California,(123)123-4576,1234343434<br>Brett,Grath,brett.grath@gmail.com,Sydney,(124)121-5456,4345678987<br>Alex,Ferguson,alex.ferguson@gmail.com,Dallas,(768)123-7678,6576543432<br>Wander,berg,wander.berg@gmail.com,Texas,(546)765-7676,6545432345<br>Patt,Williams,patt.williams@gmail.com,California,(123)113-6767,66554345656<br>Ro,peterson,rob.peterson@gmail.com,Indonesia,(543)121-8765,5654343212<br>Clive,adams,clive.adams@gmail.com,Malaysia,(146)121-6545,1234543456<br>Brad,Lara,brad.lara@gmail.com,West Indies,(123)676-5456,6543212345<br>Anurag,Bisht,anurag.biisht@gmail.com,New Delhi,(345)121-6765,5654341234<br>Viswa,Jeet,viswa.jeet@gmail.com,Srilanka,(879)787-5343,7876565434<br>Tom,Atkins,Tom.atkins@gmail.com,New Jersey,(879)676-6545,6545341234<br>Lakshmi,Gundlapalli,lakshmi.gundlapalli@gmail.com,Hyderabad,(342)765-6565,4543212345<br>Matt,Cruise,matt.cruise@gmail.com,New York,(345)987-5676,6565454565<br>Willaim,Kennington,w.kennington@gmail.com,Australia,(123)345-6767,1234567889<br>Regan,Patt,pat.regan@gmail.com,New Jersey,(435)244-1232,1232123456